﻿<?xml version="1.0" encoding="utf-8" ?>
<Advertisements>
  <Ad>
    <ImageUrl>NewYorkerMonaMonica.gif</ImageUrl>
    <AlternateText>this is advertisement</AlternateText>
    <NavigateUrl>Login.aspx</NavigateUrl>
    <Width>200</Width>
    <Height>200</Height>
  </Ad>
  <Ad>
    <ImageUrl>51OGF7AaJHL._SL160_PIsitb-sticker-arrow-dp,TopRight,12,-18_SH30_OU31_AC_US160_.jpg</ImageUrl>
    <AlternateText>this is advertisement</AlternateText>
    <NavigateUrl>Login.aspx</NavigateUrl>
    <Width>200</Width>
    <Height>200</Height>
  </Ad>
  <Ad>
    <ImageUrl>412a9Ep7vOL._AC_US160_.jpg</ImageUrl>
    <AlternateText>this is advertisement</AlternateText>
    <NavigateUrl>Login.aspx</NavigateUrl>
    <Width>200</Width>
    <Height>200</Height>
  </Ad>

</Advertisements>