﻿<?xml version="1.0" encoding="utf-8" ?>
<Advertisements>
  <Ad>
    <ImageUrl>download (2).jpg</ImageUrl>
    <AlternateText>this is advertisement</AlternateText>
    <NavigateUrl>Login.aspx</NavigateUrl>
    <Width>200</Width>
    <Height>200</Height>
  </Ad>
  <Ad>
    <ImageUrl>download (3).jpg</ImageUrl>
    <AlternateText>this is advertisement</AlternateText>
    <NavigateUrl>Login.aspx</NavigateUrl>
    <Width>200</Width>
    <Height>200</Height>
  </Ad>
  <Ad>
    <ImageUrl>dgrdshdh.jpg</ImageUrl>
    <AlternateText>this is advertisement</AlternateText>
    <NavigateUrl>Login.aspx</NavigateUrl>
    <Width>200</Width>
    <Height>200</Height>
  </Ad>



</Advertisements>