﻿<?xml version="1.0" encoding="utf-8" ?>
<Advertisements>
  <Ad>
    <ImageUrl>two-towers-vc-UK-hb.jpg</ImageUrl>
    <AlternateText>this is advertisement</AlternateText>
    <NavigateUrl>Login.aspx</NavigateUrl>
    <Width>200</Width>
    <Height>200</Height>
  </Ad>
  <Ad>
    <ImageUrl>coming-soon-stamp.png</ImageUrl>
    <AlternateText>this is advertisement</AlternateText>
    <NavigateUrl>Login.aspx</NavigateUrl>
    <Width>200</Width>
    <Height>200</Height>
  </Ad>
  <Ad>
    <ImageUrl>51VMBJEYX6L._AC_UL320_SR234,320_.jpg</ImageUrl>
    <AlternateText>this is advertisement</AlternateText>
    <NavigateUrl>Login.aspx</NavigateUrl>
    <Width>200</Width>
    <Height>200</Height>
  </Ad>



</Advertisements>
