﻿<?xml version="1.0" encoding="utf-8" ?>
<Advertisements>
  <Ad>
    <ImageUrl>17494.jpg</ImageUrl>
    <AlternateText>this is advertisement</AlternateText>
    <NavigateUrl>Login.aspx</NavigateUrl>
    <Width>200</Width>
    <Height>200</Height>
  </Ad>
  <Ad>
    <ImageUrl>famous-five-12-five-go-down-to-the-sea-standard-400x400-imadg8z7cdpvpxpw.jpeg</ImageUrl>
    <AlternateText>this is advertisement</AlternateText>
    <NavigateUrl>Login.aspx</NavigateUrl>
    <Width>200</Width>
    <Height>200</Height>
  </Ad>
  <Ad>
    <ImageUrl>famous-five-13-five-go-to-mystery-moor-epz-400x400-imadmexaqz2tncgg.jpeg</ImageUrl>
    <AlternateText>this is advertisement</AlternateText>
    <NavigateUrl>Login.aspx</NavigateUrl>
    <Width>200</Width>
    <Height>200</Height>
  </Ad>
  <Ad>
    <ImageUrl>article-1297185-0A8D584E000005DC-37_228x341.jpg</ImageUrl>
    <AlternateText>this is advertisement</AlternateText>
    <NavigateUrl>Login.aspx</NavigateUrl>
    <Width>200</Width>
    <Height>200</Height>
  </Ad>
  

</Advertisements>