﻿<?xml version="1.0" encoding="utf-8" ?>
<Advertisements>
  <Ad>
    <ImageUrl>eclipse.jpg</ImageUrl>
    <AlternateText>this is advertisement</AlternateText>
    <NavigateUrl>Login.aspx</NavigateUrl>
    <Width>200</Width>
    <Height>200</Height>
  </Ad>
  <Ad>
    <ImageUrl>breaking_dawn_book_cover_by_twihardbreakingdawn-d3coqxi.jpg</ImageUrl>
    <AlternateText>this is advertisement</AlternateText>
    <NavigateUrl>Login.aspx</NavigateUrl>
    <Width>200</Width>
    <Height>200</Height>
  </Ad>
  <Ad>
    <ImageUrl>19067067-SPECIAL-EDITION-Rubber-Stamp-over-a-white-background--Stock-Photo.jpg</ImageUrl>
    <AlternateText>this is advertisement</AlternateText>
    <NavigateUrl>Login.aspx</NavigateUrl>
    <Width>200</Width>
    <Height>200</Height>
  </Ad>
  
    <Ad>
      <ImageUrl>Twilightbook.jpg</ImageUrl>
      <AlternateText>this is advertisement</AlternateText>
      <NavigateUrl>Login.aspx</NavigateUrl>
      <Width>200</Width>
      <Height>200</Height>
    </Ad>
    <Ad>
      <ImageUrl>new-moon-book-cover.jpg</ImageUrl>
      <AlternateText>this is advertisement</AlternateText>
      <NavigateUrl>Login.aspx</NavigateUrl>
      <Width>200</Width>
      <Height>200</Height>
    </Ad>

  </Advertisements>

