﻿<?xml version="1.0" encoding="utf-8" ?>
<Advertisements>
  <Ad>
    <ImageUrl>51h+tRUMo3L._SL160_PIsitb-sticker-arrow-dp,TopRight,12,-18_SH30_OU31_AC_US160_.jpg</ImageUrl>
    <AlternateText>this is advertisement</AlternateText>
    <NavigateUrl>Login.aspx</NavigateUrl>
    <Width>200</Width>
    <Height>200</Height>
  </Ad>
  <Ad>
    <ImageUrl>19067067-SPECIAL-EDITION-Rubber-Stamp-over-a-white-background--Stock-Photo.jpg</ImageUrl>
    <AlternateText>this is advertisement</AlternateText>
    <NavigateUrl>Login.aspx</NavigateUrl>
    <Width>200</Width>
    <Height>200</Height>
  </Ad>
  <Ad>
    <ImageUrl>51ZA9cCp5CL._AC_US160_.jpg</ImageUrl>
    <AlternateText>this is advertisement</AlternateText>
    <NavigateUrl>Login.aspx</NavigateUrl>
    <Width>200</Width>
    <Height>200</Height>
  </Ad>



</Advertisements>